https://octodex.github.com/images/dinotocat.png;20000000;flight;trains
https://octodex.github.com/images/dojocat.jpg;20000000;flight
https://octodex.github.com/images/orderedlistocat.png;20000000;flight
https://octodex.github.com/images/gracehoppertocat.jpg;10000000;show;britain;benny hill;sketches;tv
https://octodex.github.com/images/jetpacktocat.png;10000000;games;minecraft;blocks;sandbox
https://octodex.github.com/images/steroidtocat.png;100000000;onlycategory
https://octodex.github.com/images/dinotocat.png;20000000;flight;trains
https://octodex.github.com/images/dojocat.jpg;20000000;flight
https://octodex.github.com/images/orderedlistocat.png;20000000;flight
https://octodex.github.com/images/gracehoppertocat.jpg;10000000;show;britain;benny hill;sketches;tv
https://octodex.github.com/images/jetpacktocat.png;10000000;games;minecraft;blocks;sandbox
https://octodex.github.com/images/steroidtocat.png;100000000;onlycategory
https://octodex.github.com/images/dinotocat.png;20000000;flight;trains
https://octodex.github.com/images/dojocat.jpg;20000000;flight
https://octodex.github.com/images/orderedlistocat.png;20000000;flight
https://octodex.github.com/images/gracehoppertocat.jpg;10000000;show;britain;benny hill;sketches;tv
https://octodex.github.com/images/jetpacktocat.png;10000000;games;minecraft;blocks;sandbox
https://octodex.github.com/images/steroidtocat.png;100000000;onlycategory
https://octodex.github.com/images/dinotocat.png;20000000;flight;trains
https://octodex.github.com/images/dojocat.jpg;20000000;flight
https://octodex.github.com/images/orderedlistocat.png;20000000;flight
https://octodex.github.com/images/gracehoppertocat.jpg;10000000;show;britain;benny hill;sketches;tv
https://octodex.github.com/images/jetpacktocat.png;10000000;games;minecraft;blocks;sandbox
https://octodex.github.com/images/steroidtocat.png;100000000;onlycategory
https://octodex.github.com/images/dinotocat.png;20000000;flight;trains
https://octodex.github.com/images/dojocat.jpg;20000000;flight
https://octodex.github.com/images/orderedlistocat.png;20000000;flight
https://octodex.github.com/images/gracehoppertocat.jpg;10000000;show;britain;benny hill;sketches;tv
https://octodex.github.com/images/jetpacktocat.png;10000000;games;minecraft;blocks;sandbox
https://octodex.github.com/images/steroidtocat.png;100000000;onlycategory
https://octodex.github.com/images/dinotocat.png;20000000;flight;trains
https://octodex.github.com/images/dojocat.jpg;20000000;flight
https://octodex.github.com/images/orderedlistocat.png;20000000;flight
https://octodex.github.com/images/gracehoppertocat.jpg;10000000;show;britain;benny hill;sketches;tv
https://octodex.github.com/images/jetpacktocat.png;10000000;games;minecraft;blocks;sandbox
https://octodex.github.com/images/steroidtocat.png;100000000;onlycategory
https://octodex.github.com/images/dinotocat.png;20000000;flight;trains
https://octodex.github.com/images/dojocat.jpg;20000000;flight
https://octodex.github.com/images/orderedlistocat.png;20000000;flight
https://octodex.github.com/images/gracehoppertocat.jpg;10000000;show;britain;benny hill;sketches;tv
https://octodex.github.com/images/jetpacktocat.png;10000000;games;minecraft;blocks;sandbox
https://octodex.github.com/images/steroidtocat.png;100000000;onlycategory
https://octodex.github.com/images/dinotocat.png;20000000;flight;trains
https://octodex.github.com/images/dojocat.jpg;20000000;flight
https://octodex.github.com/images/orderedlistocat.png;20000000;flight
https://octodex.github.com/images/gracehoppertocat.jpg;10000000;show;britain;benny hill;sketches;tv
https://octodex.github.com/images/jetpacktocat.png;10000000;games;minecraft;blocks;sandbox
https://octodex.github.com/images/steroidtocat.png;100000000;onlycategory
https://octodex.github.com/images/dinotocat.png;20000000;flight;trains
https://octodex.github.com/images/dojocat.jpg;20000000;flight
https://octodex.github.com/images/orderedlistocat.png;20000000;flight
https://octodex.github.com/images/gracehoppertocat.jpg;10000000;show;britain;benny hill;sketches;tv
https://octodex.github.com/images/jetpacktocat.png;10000000;games;minecraft;blocks;sandbox
https://octodex.github.com/images/steroidtocat.png;100000000;onlycategory
https://octodex.github.com/images/dinotocat.png;20000000;flight;trains
https://octodex.github.com/images/dojocat.jpg;20000000;flight
https://octodex.github.com/images/orderedlistocat.png;20000000;flight
https://octodex.github.com/images/gracehoppertocat.jpg;10000000;show;britain;benny hill;sketches;tv
https://octodex.github.com/images/jetpacktocat.png;10000000;games;minecraft;blocks;sandbox
https://octodex.github.com/images/steroidtocat.png;100000000;onlycategory
https://octodex.github.com/images/dinotocat.png;20000000;flight;trains
https://octodex.github.com/images/dojocat.jpg;20000000;flight
https://octodex.github.com/images/orderedlistocat.png;20000000;flight
https://octodex.github.com/images/gracehoppertocat.jpg;10000000;show;britain;benny hill;sketches;tv
https://octodex.github.com/images/jetpacktocat.png;10000000;games;minecraft;blocks;sandbox
https://octodex.github.com/images/steroidtocat.png;100000000;onlycategory
https://octodex.github.com/images/dinotocat.png;20000000;flight;trains
https://octodex.github.com/images/dojocat.jpg;20000000;flight
https://octodex.github.com/images/orderedlistocat.png;20000000;flight
https://octodex.github.com/images/gracehoppertocat.jpg;10000000;show;britain;benny hill;sketches;tv
https://octodex.github.com/images/jetpacktocat.png;10000000;games;minecraft;blocks;sandbox
https://octodex.github.com/images/steroidtocat.png;100000000;onlycategory
https://octodex.github.com/images/dinotocat.png;20000000;flight;trains
https://octodex.github.com/images/dojocat.jpg;20000000;flight
https://octodex.github.com/images/orderedlistocat.png;20000000;flight
https://octodex.github.com/images/gracehoppertocat.jpg;10000000;show;britain;benny hill;sketches;tv
https://octodex.github.com/images/jetpacktocat.png;10000000;games;minecraft;blocks;sandbox
https://octodex.github.com/images/steroidtocat.png;100000000;onlycategory
https://octodex.github.com/images/dinotocat.png;20000000;flight;trains
https://octodex.github.com/images/dojocat.jpg;20000000;flight
https://octodex.github.com/images/orderedlistocat.png;20000000;flight
https://octodex.github.com/images/gracehoppertocat.jpg;10000000;show;britain;benny hill;sketches;tv
https://octodex.github.com/images/jetpacktocat.png;10000000;games;minecraft;blocks;sandbox
https://octodex.github.com/images/steroidtocat.png;100000000;onlycategory
https://octodex.github.com/images/dinotocat.png;20000000;flight;trains
https://octodex.github.com/images/dojocat.jpg;20000000;flight
https://octodex.github.com/images/orderedlistocat.png;20000000;flight
https://octodex.github.com/images/gracehoppertocat.jpg;10000000;show;britain;benny hill;sketches;tv
https://octodex.github.com/images/jetpacktocat.png;10000000;games;minecraft;blocks;sandbox
https://octodex.github.com/images/steroidtocat.png;100000000;onlycategory
https://octodex.github.com/images/dinotocat.png;20000000;flight;trains
https://octodex.github.com/images/dojocat.jpg;20000000;flight
https://octodex.github.com/images/orderedlistocat.png;20000000;flight
https://octodex.github.com/images/gracehoppertocat.jpg;10000000;show;britain;benny hill;sketches;tv
https://octodex.github.com/images/jetpacktocat.png;10000000;games;minecraft;blocks;sandbox
https://octodex.github.com/images/steroidtocat.png;100000000;onlycategory
https://octodex.github.com/images/dinotocat.png;20000000;flight;trains
https://octodex.github.com/images/dojocat.jpg;20000000;flight
https://octodex.github.com/images/orderedlistocat.png;20000000;flight
https://octodex.github.com/images/gracehoppertocat.jpg;10000000;show;britain;benny hill;sketches;tv
https://octodex.github.com/images/jetpacktocat.png;10000000;games;minecraft;blocks;sandbox
https://octodex.github.com/images/steroidtocat.png;100000000;onlycategory
https://octodex.github.com/images/dinotocat.png;20000000;flight;trains
https://octodex.github.com/images/dojocat.jpg;20000000;flight
https://octodex.github.com/images/orderedlistocat.png;20000000;flight
https://octodex.github.com/images/gracehoppertocat.jpg;10000000;show;britain;benny hill;sketches;tv
https://octodex.github.com/images/jetpacktocat.png;10000000;games;minecraft;blocks;sandbox
https://octodex.github.com/images/steroidtocat.png;100000000;onlycategory
https://octodex.github.com/images/dinotocat.png;20000000;flight;trains
https://octodex.github.com/images/dojocat.jpg;20000000;flight
https://octodex.github.com/images/orderedlistocat.png;20000000;flight
https://octodex.github.com/images/gracehoppertocat.jpg;10000000;show;britain;benny hill;sketches;tv
https://octodex.github.com/images/jetpacktocat.png;10000000;games;minecraft;blocks;sandbox
https://octodex.github.com/images/steroidtocat.png;100000000;onlycategory
https://octodex.github.com/images/dinotocat.png;20000000;flight;trains
https://octodex.github.com/images/dojocat.jpg;20000000;flight
https://octodex.github.com/images/orderedlistocat.png;20000000;flight
https://octodex.github.com/images/gracehoppertocat.jpg;10000000;show;britain;benny hill;sketches;tv
https://octodex.github.com/images/jetpacktocat.png;10000000;games;minecraft;blocks;sandbox
https://octodex.github.com/images/steroidtocat.png;100000000;onlycategory
https://octodex.github.com/images/dinotocat.png;20000000;flight;trains
https://octodex.github.com/images/dojocat.jpg;20000000;flight
https://octodex.github.com/images/orderedlistocat.png;20000000;flight
https://octodex.github.com/images/gracehoppertocat.jpg;10000000;show;britain;benny hill;sketches;tv
https://octodex.github.com/images/jetpacktocat.png;10000000;games;minecraft;blocks;sandbox
https://octodex.github.com/images/steroidtocat.png;100000000;onlycategory
https://octodex.github.com/images/dinotocat.png;20000000;flight;trains
https://octodex.github.com/images/dojocat.jpg;20000000;flight
https://octodex.github.com/images/orderedlistocat.png;20000000;flight
https://octodex.github.com/images/gracehoppertocat.jpg;10000000;show;britain;benny hill;sketches;tv
https://octodex.github.com/images/jetpacktocat.png;10000000;games;minecraft;blocks;sandbox
https://octodex.github.com/images/steroidtocat.png;100000000;onlycategory
https://octodex.github.com/images/dinotocat.png;20000000;flight;trains
https://octodex.github.com/images/dojocat.jpg;20000000;flight
https://octodex.github.com/images/orderedlistocat.png;20000000;flight
https://octodex.github.com/images/gracehoppertocat.jpg;10000000;show;britain;benny hill;sketches;tv
https://octodex.github.com/images/jetpacktocat.png;10000000;games;minecraft;blocks;sandbox
https://octodex.github.com/images/steroidtocat.png;100000000;onlycategory
https://octodex.github.com/images/dinotocat.png;20000000;flight;trains
https://octodex.github.com/images/dojocat.jpg;20000000;flight
https://octodex.github.com/images/orderedlistocat.png;20000000;flight
https://octodex.github.com/images/gracehoppertocat.jpg;10000000;show;britain;benny hill;sketches;tv
https://octodex.github.com/images/jetpacktocat.png;10000000;games;minecraft;blocks;sandbox
https://octodex.github.com/images/steroidtocat.png;100000000;onlycategory
https://octodex.github.com/images/dinotocat.png;20000000;flight;trains
https://octodex.github.com/images/dojocat.jpg;20000000;flight
https://octodex.github.com/images/orderedlistocat.png;20000000;flight
https://octodex.github.com/images/gracehoppertocat.jpg;10000000;show;britain;benny hill;sketches;tv
https://octodex.github.com/images/jetpacktocat.png;10000000;games;minecraft;blocks;sandbox
https://octodex.github.com/images/steroidtocat.png;100000000;onlycategory
https://octodex.github.com/images/dinotocat.png;20000000;flight;trains
https://octodex.github.com/images/dojocat.jpg;20000000;flight
https://octodex.github.com/images/orderedlistocat.png;20000000;flight
https://octodex.github.com/images/gracehoppertocat.jpg;10000000;show;britain;benny hill;sketches;tv
https://octodex.github.com/images/jetpacktocat.png;10000000;games;minecraft;blocks;sandbox
https://octodex.github.com/images/steroidtocat.png;100000000;onlycategory
https://octodex.github.com/images/dinotocat.png;20000000;flight;trains
https://octodex.github.com/images/dojocat.jpg;20000000;flight
https://octodex.github.com/images/orderedlistocat.png;20000000;flight
https://octodex.github.com/images/gracehoppertocat.jpg;10000000;show;britain;benny hill;sketches;tv
https://octodex.github.com/images/jetpacktocat.png;10000000;games;minecraft;blocks;sandbox
https://octodex.github.com/images/steroidtocat.png;100000000;onlycategory
https://octodex.github.com/images/dinotocat.png;20000000;flight;trains
https://octodex.github.com/images/dojocat.jpg;20000000;flight
https://octodex.github.com/images/orderedlistocat.png;20000000;flight
https://octodex.github.com/images/gracehoppertocat.jpg;10000000;show;britain;benny hill;sketches;tv
https://octodex.github.com/images/jetpacktocat.png;10000000;games;minecraft;blocks;sandbox
https://octodex.github.com/images/steroidtocat.png;100000000;onlycategory
https://octodex.github.com/images/dinotocat.png;20000000;flight;trains
https://octodex.github.com/images/dojocat.jpg;20000000;flight
https://octodex.github.com/images/orderedlistocat.png;20000000;flight
https://octodex.github.com/images/gracehoppertocat.jpg;10000000;show;britain;benny hill;sketches;tv
https://octodex.github.com/images/jetpacktocat.png;10000000;games;minecraft;blocks;sandbox
https://octodex.github.com/images/steroidtocat.png;100000000;onlycategory
https://octodex.github.com/images/dinotocat.png;20000000;flight;trains
https://octodex.github.com/images/dojocat.jpg;20000000;flight
https://octodex.github.com/images/orderedlistocat.png;20000000;flight
https://octodex.github.com/images/gracehoppertocat.jpg;10000000;show;britain;benny hill;sketches;tv
https://octodex.github.com/images/jetpacktocat.png;10000000;games;minecraft;blocks;sandbox
https://octodex.github.com/images/steroidtocat.png;100000000;onlycategory
https://octodex.github.com/images/dinotocat.png;20000000;flight;trains
https://octodex.github.com/images/dojocat.jpg;20000000;flight
https://octodex.github.com/images/orderedlistocat.png;20000000;flight
https://octodex.github.com/images/gracehoppertocat.jpg;10000000;show;britain;benny hill;sketches;tv
https://octodex.github.com/images/jetpacktocat.png;10000000;games;minecraft;blocks;sandbox
https://octodex.github.com/images/steroidtocat.png;100000000;onlycategory
https://octodex.github.com/images/dinotocat.png;20000000;flight;trains
https://octodex.github.com/images/dojocat.jpg;20000000;flight
https://octodex.github.com/images/orderedlistocat.png;20000000;flight
https://octodex.github.com/images/gracehoppertocat.jpg;10000000;show;britain;benny hill;sketches;tv
https://octodex.github.com/images/jetpacktocat.png;10000000;games;minecraft;blocks;sandbox
https://octodex.github.com/images/steroidtocat.png;100000000;onlycategory
https://octodex.github.com/images/dinotocat.png;20000000;flight;trains
https://octodex.github.com/images/dojocat.jpg;20000000;flight
https://octodex.github.com/images/orderedlistocat.png;20000000;flight
https://octodex.github.com/images/gracehoppertocat.jpg;10000000;show;britain;benny hill;sketches;tv
https://octodex.github.com/images/jetpacktocat.png;10000000;games;minecraft;blocks;sandbox
https://octodex.github.com/images/steroidtocat.png;100000000;onlycategory
https://octodex.github.com/images/dinotocat.png;20000000;flight;trains
https://octodex.github.com/images/dojocat.jpg;20000000;flight
https://octodex.github.com/images/orderedlistocat.png;20000000;flight
https://octodex.github.com/images/gracehoppertocat.jpg;10000000;show;britain;benny hill;sketches;tv
https://octodex.github.com/images/jetpacktocat.png;10000000;games;minecraft;blocks;sandbox
https://octodex.github.com/images/steroidtocat.png;100000000;onlycategory
https://octodex.github.com/images/dinotocat.png;20000000;flight;trains
https://octodex.github.com/images/dojocat.jpg;20000000;flight
https://octodex.github.com/images/orderedlistocat.png;20000000;flight
https://octodex.github.com/images/gracehoppertocat.jpg;10000000;show;britain;benny hill;sketches;tv
https://octodex.github.com/images/jetpacktocat.png;10000000;games;minecraft;blocks;sandbox
https://octodex.github.com/images/steroidtocat.png;100000000;onlycategory
https://octodex.github.com/images/dinotocat.png;20000000;flight;trains
https://octodex.github.com/images/dojocat.jpg;20000000;flight
https://octodex.github.com/images/orderedlistocat.png;20000000;flight
https://octodex.github.com/images/gracehoppertocat.jpg;10000000;show;britain;benny hill;sketches;tv
https://octodex.github.com/images/jetpacktocat.png;10000000;games;minecraft;blocks;sandbox
https://octodex.github.com/images/steroidtocat.png;100000000;onlycategory
https://octodex.github.com/images/dinotocat.png;20000000;flight;trains
https://octodex.github.com/images/dojocat.jpg;20000000;flight
https://octodex.github.com/images/orderedlistocat.png;20000000;flight
https://octodex.github.com/images/gracehoppertocat.jpg;10000000;show;britain;benny hill;sketches;tv
https://octodex.github.com/images/jetpacktocat.png;10000000;games;minecraft;blocks;sandbox
https://octodex.github.com/images/steroidtocat.png;100000000;onlycategory
https://octodex.github.com/images/dinotocat.png;20000000;flight;trains
https://octodex.github.com/images/dojocat.jpg;20000000;flight
https://octodex.github.com/images/orderedlistocat.png;20000000;flight
https://octodex.github.com/images/gracehoppertocat.jpg;10000000;show;britain;benny hill;sketches;tv
https://octodex.github.com/images/jetpacktocat.png;10000000;games;minecraft;blocks;sandbox
https://octodex.github.com/images/steroidtocat.png;100000000;onlycategory
https://octodex.github.com/images/dinotocat.png;20000000;flight;trains
https://octodex.github.com/images/dojocat.jpg;20000000;flight
https://octodex.github.com/images/orderedlistocat.png;20000000;flight
https://octodex.github.com/images/gracehoppertocat.jpg;10000000;show;britain;benny hill;sketches;tv
https://octodex.github.com/images/jetpacktocat.png;10000000;games;minecraft;blocks;sandbox
https://octodex.github.com/images/steroidtocat.png;100000000;onlycategory
https://octodex.github.com/images/dinotocat.png;20000000;flight;trains
https://octodex.github.com/images/dojocat.jpg;20000000;flight
https://octodex.github.com/images/orderedlistocat.png;20000000;flight
https://octodex.github.com/images/gracehoppertocat.jpg;10000000;show;britain;benny hill;sketches;tv
https://octodex.github.com/images/jetpacktocat.png;10000000;games;minecraft;blocks;sandbox
https://octodex.github.com/images/steroidtocat.png;100000000;onlycategory
https://octodex.github.com/images/dinotocat.png;20000000;flight;trains
https://octodex.github.com/images/dojocat.jpg;20000000;flight
https://octodex.github.com/images/orderedlistocat.png;20000000;flight
https://octodex.github.com/images/gracehoppertocat.jpg;10000000;show;britain;benny hill;sketches;tv
https://octodex.github.com/images/jetpacktocat.png;10000000;games;minecraft;blocks;sandbox
https://octodex.github.com/images/steroidtocat.png;100000000;onlycategory
https://octodex.github.com/images/dinotocat.png;20000000;flight;trains
https://octodex.github.com/images/dojocat.jpg;20000000;flight
https://octodex.github.com/images/orderedlistocat.png;20000000;flight
https://octodex.github.com/images/gracehoppertocat.jpg;10000000;show;britain;benny hill;sketches;tv
https://octodex.github.com/images/jetpacktocat.png;10000000;games;minecraft;blocks;sandbox
https://octodex.github.com/images/steroidtocat.png;100000000;onlycategory
https://octodex.github.com/images/dinotocat.png;20000000;flight;trains
https://octodex.github.com/images/dojocat.jpg;20000000;flight
https://octodex.github.com/images/orderedlistocat.png;20000000;flight
https://octodex.github.com/images/gracehoppertocat.jpg;10000000;show;britain;benny hill;sketches;tv
https://octodex.github.com/images/jetpacktocat.png;10000000;games;minecraft;blocks;sandbox
https://octodex.github.com/images/steroidtocat.png;100000000;onlycategory
https://octodex.github.com/images/dinotocat.png;20000000;flight;trains
https://octodex.github.com/images/dojocat.jpg;20000000;flight
https://octodex.github.com/images/orderedlistocat.png;20000000;flight
https://octodex.github.com/images/gracehoppertocat.jpg;10000000;show;britain;benny hill;sketches;tv
https://octodex.github.com/images/jetpacktocat.png;10000000;games;minecraft;blocks;sandbox
https://octodex.github.com/images/steroidtocat.png;100000000;onlycategory
https://octodex.github.com/images/dinotocat.png;20000000;flight;trains
https://octodex.github.com/images/dojocat.jpg;20000000;flight
https://octodex.github.com/images/orderedlistocat.png;20000000;flight
https://octodex.github.com/images/gracehoppertocat.jpg;10000000;show;britain;benny hill;sketches;tv
https://octodex.github.com/images/jetpacktocat.png;10000000;games;minecraft;blocks;sandbox
https://octodex.github.com/images/steroidtocat.png;100000000;onlycategory
https://octodex.github.com/images/dinotocat.png;20000000;flight;trains
https://octodex.github.com/images/dojocat.jpg;20000000;flight
https://octodex.github.com/images/orderedlistocat.png;20000000;flight
https://octodex.github.com/images/gracehoppertocat.jpg;10000000;show;britain;benny hill;sketches;tv
https://octodex.github.com/images/jetpacktocat.png;10000000;games;minecraft;blocks;sandbox
https://octodex.github.com/images/steroidtocat.png;100000000;onlycategory
https://octodex.github.com/images/dinotocat.png;20000000;flight;trains
https://octodex.github.com/images/dojocat.jpg;20000000;flight
https://octodex.github.com/images/orderedlistocat.png;20000000;flight
https://octodex.github.com/images/gracehoppertocat.jpg;10000000;show;britain;benny hill;sketches;tv
https://octodex.github.com/images/jetpacktocat.png;10000000;games;minecraft;blocks;sandbox
https://octodex.github.com/images/steroidtocat.png;100000000;onlycategory
https://octodex.github.com/images/dinotocat.png;20000000;flight;trains
https://octodex.github.com/images/dojocat.jpg;20000000;flight
https://octodex.github.com/images/orderedlistocat.png;20000000;flight
https://octodex.github.com/images/gracehoppertocat.jpg;10000000;show;britain;benny hill;sketches;tv
https://octodex.github.com/images/jetpacktocat.png;10000000;games;minecraft;blocks;sandbox
https://octodex.github.com/images/steroidtocat.png;100000000;onlycategory
https://octodex.github.com/images/dinotocat.png;20000000;flight;trains
https://octodex.github.com/images/dojocat.jpg;20000000;flight
https://octodex.github.com/images/orderedlistocat.png;20000000;flight
https://octodex.github.com/images/gracehoppertocat.jpg;10000000;show;britain;benny hill;sketches;tv
https://octodex.github.com/images/jetpacktocat.png;10000000;games;minecraft;blocks;sandbox
https://octodex.github.com/images/steroidtocat.png;100000000;onlycategory
https://octodex.github.com/images/dinotocat.png;20000000;flight;trains
https://octodex.github.com/images/dojocat.jpg;20000000;flight
https://octodex.github.com/images/orderedlistocat.png;20000000;flight
https://octodex.github.com/images/gracehoppertocat.jpg;10000000;show;britain;benny hill;sketches;tv
https://octodex.github.com/images/jetpacktocat.png;10000000;games;minecraft;blocks;sandbox
https://octodex.github.com/images/steroidtocat.png;100000000;onlycategory
https://octodex.github.com/images/dinotocat.png;20000000;flight;trains
https://octodex.github.com/images/dojocat.jpg;20000000;flight
https://octodex.github.com/images/orderedlistocat.png;20000000;flight
https://octodex.github.com/images/gracehoppertocat.jpg;10000000;show;britain;benny hill;sketches;tv
https://octodex.github.com/images/jetpacktocat.png;10000000;games;minecraft;blocks;sandbox
https://octodex.github.com/images/steroidtocat.png;100000000;onlycategory
https://octodex.github.com/images/dinotocat.png;20000000;flight;trains
https://octodex.github.com/images/dojocat.jpg;20000000;flight
https://octodex.github.com/images/orderedlistocat.png;20000000;flight
https://octodex.github.com/images/gracehoppertocat.jpg;10000000;show;britain;benny hill;sketches;tv
https://octodex.github.com/images/jetpacktocat.png;10000000;games;minecraft;blocks;sandbox
https://octodex.github.com/images/steroidtocat.png;100000000;onlycategory
https://octodex.github.com/images/dinotocat.png;20000000;flight;trains
https://octodex.github.com/images/dojocat.jpg;20000000;flight
https://octodex.github.com/images/orderedlistocat.png;20000000;flight
https://octodex.github.com/images/gracehoppertocat.jpg;10000000;show;britain;benny hill;sketches;tv
https://octodex.github.com/images/jetpacktocat.png;10000000;games;minecraft;blocks;sandbox
https://octodex.github.com/images/steroidtocat.png;100000000;onlycategory
https://octodex.github.com/images/dinotocat.png;20000000;flight;trains
https://octodex.github.com/images/dojocat.jpg;20000000;flight
https://octodex.github.com/images/orderedlistocat.png;20000000;flight
https://octodex.github.com/images/gracehoppertocat.jpg;10000000;show;britain;benny hill;sketches;tv
https://octodex.github.com/images/jetpacktocat.png;10000000;games;minecraft;blocks;sandbox
https://octodex.github.com/images/steroidtocat.png;100000000;onlycategory
https://octodex.github.com/images/dinotocat.png;20000000;flight;trains
https://octodex.github.com/images/dojocat.jpg;20000000;flight
https://octodex.github.com/images/orderedlistocat.png;20000000;flight
https://octodex.github.com/images/gracehoppertocat.jpg;10000000;show;britain;benny hill;sketches;tv
https://octodex.github.com/images/jetpacktocat.png;10000000;games;minecraft;blocks;sandbox
https://octodex.github.com/images/steroidtocat.png;100000000;onlycategory
https://octodex.github.com/images/dinotocat.png;20000000;flight;trains
https://octodex.github.com/images/dojocat.jpg;20000000;flight
https://octodex.github.com/images/orderedlistocat.png;20000000;flight
https://octodex.github.com/images/gracehoppertocat.jpg;10000000;show;britain;benny hill;sketches;tv
https://octodex.github.com/images/jetpacktocat.png;10000000;games;minecraft;blocks;sandbox
https://octodex.github.com/images/steroidtocat.png;100000000;onlycategory
https://octodex.github.com/images/dinotocat.png;20000000;flight;trains
https://octodex.github.com/images/dojocat.jpg;20000000;flight
https://octodex.github.com/images/orderedlistocat.png;20000000;flight
https://octodex.github.com/images/gracehoppertocat.jpg;10000000;show;britain;benny hill;sketches;tv
https://octodex.github.com/images/jetpacktocat.png;10000000;games;minecraft;blocks;sandbox
https://octodex.github.com/images/steroidtocat.png;100000000;onlycategory
https://octodex.github.com/images/dinotocat.png;20000000;flight;trains
https://octodex.github.com/images/dojocat.jpg;20000000;flight
https://octodex.github.com/images/orderedlistocat.png;20000000;flight
https://octodex.github.com/images/gracehoppertocat.jpg;10000000;show;britain;benny hill;sketches;tv
https://octodex.github.com/images/jetpacktocat.png;10000000;games;minecraft;blocks;sandbox
https://octodex.github.com/images/steroidtocat.png;100000000;onlycategory
https://octodex.github.com/images/dinotocat.png;20000000;flight;trains
https://octodex.github.com/images/dojocat.jpg;20000000;flight
https://octodex.github.com/images/orderedlistocat.png;20000000;flight
https://octodex.github.com/images/gracehoppertocat.jpg;10000000;show;britain;benny hill;sketches;tv
https://octodex.github.com/images/jetpacktocat.png;10000000;games;minecraft;blocks;sandbox
https://octodex.github.com/images/steroidtocat.png;100000000;onlycategory
https://octodex.github.com/images/dinotocat.png;20000000;flight;trains
https://octodex.github.com/images/dojocat.jpg;20000000;flight
https://octodex.github.com/images/orderedlistocat.png;20000000;flight
https://octodex.github.com/images/gracehoppertocat.jpg;10000000;show;britain;benny hill;sketches;tv
https://octodex.github.com/images/jetpacktocat.png;10000000;games;minecraft;blocks;sandbox
https://octodex.github.com/images/steroidtocat.png;100000000;onlycategory
https://octodex.github.com/images/dinotocat.png;20000000;flight;trains
https://octodex.github.com/images/dojocat.jpg;20000000;flight
https://octodex.github.com/images/orderedlistocat.png;20000000;flight
https://octodex.github.com/images/gracehoppertocat.jpg;10000000;show;britain;benny hill;sketches;tv
https://octodex.github.com/images/jetpacktocat.png;10000000;games;minecraft;blocks;sandbox
https://octodex.github.com/images/steroidtocat.png;100000000;onlycategory
https://octodex.github.com/images/dinotocat.png;20000000;flight;trains
https://octodex.github.com/images/dojocat.jpg;20000000;flight
https://octodex.github.com/images/orderedlistocat.png;20000000;flight
https://octodex.github.com/images/gracehoppertocat.jpg;10000000;show;britain;benny hill;sketches;tv
https://octodex.github.com/images/jetpacktocat.png;10000000;games;minecraft;blocks;sandbox
https://octodex.github.com/images/steroidtocat.png;100000000;onlycategory
https://octodex.github.com/images/dinotocat.png;20000000;flight;trains
https://octodex.github.com/images/dojocat.jpg;20000000;flight
https://octodex.github.com/images/orderedlistocat.png;20000000;flight
https://octodex.github.com/images/gracehoppertocat.jpg;10000000;show;britain;benny hill;sketches;tv
https://octodex.github.com/images/jetpacktocat.png;10000000;games;minecraft;blocks;sandbox
https://octodex.github.com/images/steroidtocat.png;100000000;onlycategory
https://octodex.github.com/images/dinotocat.png;20000000;flight;trains
https://octodex.github.com/images/dojocat.jpg;20000000;flight
https://octodex.github.com/images/orderedlistocat.png;20000000;flight
https://octodex.github.com/images/gracehoppertocat.jpg;10000000;show;britain;benny hill;sketches;tv
https://octodex.github.com/images/jetpacktocat.png;10000000;games;minecraft;blocks;sandbox
https://octodex.github.com/images/steroidtocat.png;100000000;onlycategory
https://octodex.github.com/images/dinotocat.png;20000000;flight;trains
https://octodex.github.com/images/dojocat.jpg;20000000;flight
https://octodex.github.com/images/orderedlistocat.png;20000000;flight
https://octodex.github.com/images/gracehoppertocat.jpg;10000000;show;britain;benny hill;sketches;tv
https://octodex.github.com/images/jetpacktocat.png;10000000;games;minecraft;blocks;sandbox
https://octodex.github.com/images/steroidtocat.png;100000000;onlycategory
https://octodex.github.com/images/dinotocat.png;20000000;flight;trains
https://octodex.github.com/images/dojocat.jpg;20000000;flight
https://octodex.github.com/images/orderedlistocat.png;20000000;flight
https://octodex.github.com/images/gracehoppertocat.jpg;10000000;show;britain;benny hill;sketches;tv
https://octodex.github.com/images/jetpacktocat.png;10000000;games;minecraft;blocks;sandbox
https://octodex.github.com/images/steroidtocat.png;100000000;onlycategory
https://octodex.github.com/images/dinotocat.png;20000000;flight;trains
https://octodex.github.com/images/dojocat.jpg;20000000;flight
https://octodex.github.com/images/orderedlistocat.png;20000000;flight
https://octodex.github.com/images/gracehoppertocat.jpg;10000000;show;britain;benny hill;sketches;tv
https://octodex.github.com/images/jetpacktocat.png;10000000;games;minecraft;blocks;sandbox
https://octodex.github.com/images/steroidtocat.png;100000000;onlycategory
https://octodex.github.com/images/dinotocat.png;20000000;flight;trains
https://octodex.github.com/images/dojocat.jpg;20000000;flight
https://octodex.github.com/images/orderedlistocat.png;20000000;flight
https://octodex.github.com/images/gracehoppertocat.jpg;10000000;show;britain;benny hill;sketches;tv
https://octodex.github.com/images/jetpacktocat.png;10000000;games;minecraft;blocks;sandbox
https://octodex.github.com/images/steroidtocat.png;100000000;onlycategory
https://octodex.github.com/images/dinotocat.png;20000000;flight;trains
https://octodex.github.com/images/dojocat.jpg;20000000;flight
https://octodex.github.com/images/orderedlistocat.png;20000000;flight
https://octodex.github.com/images/gracehoppertocat.jpg;10000000;show;britain;benny hill;sketches;tv
https://octodex.github.com/images/jetpacktocat.png;10000000;games;minecraft;blocks;sandbox
https://octodex.github.com/images/steroidtocat.png;100000000;onlycategory
https://octodex.github.com/images/dinotocat.png;20000000;flight;trains
https://octodex.github.com/images/dojocat.jpg;20000000;flight
https://octodex.github.com/images/orderedlistocat.png;20000000;flight
https://octodex.github.com/images/gracehoppertocat.jpg;10000000;show;britain;benny hill;sketches;tv
https://octodex.github.com/images/jetpacktocat.png;10000000;games;minecraft;blocks;sandbox
https://octodex.github.com/images/steroidtocat.png;100000000;onlycategory
https://octodex.github.com/images/dinotocat.png;20000000;flight;trains
https://octodex.github.com/images/dojocat.jpg;20000000;flight
https://octodex.github.com/images/orderedlistocat.png;20000000;flight
https://octodex.github.com/images/gracehoppertocat.jpg;10000000;show;britain;benny hill;sketches;tv
https://octodex.github.com/images/jetpacktocat.png;10000000;games;minecraft;blocks;sandbox
https://octodex.github.com/images/steroidtocat.png;100000000;onlycategory
https://octodex.github.com/images/dinotocat.png;20000000;flight;trains
https://octodex.github.com/images/dojocat.jpg;20000000;flight
https://octodex.github.com/images/orderedlistocat.png;20000000;flight
https://octodex.github.com/images/gracehoppertocat.jpg;10000000;show;britain;benny hill;sketches;tv
https://octodex.github.com/images/jetpacktocat.png;10000000;games;minecraft;blocks;sandbox
https://octodex.github.com/images/steroidtocat.png;100000000;onlycategory
https://octodex.github.com/images/dinotocat.png;20000000;flight;trains
https://octodex.github.com/images/dojocat.jpg;20000000;flight
https://octodex.github.com/images/orderedlistocat.png;20000000;flight
https://octodex.github.com/images/gracehoppertocat.jpg;10000000;show;britain;benny hill;sketches;tv
https://octodex.github.com/images/jetpacktocat.png;10000000;games;minecraft;blocks;sandbox
https://octodex.github.com/images/steroidtocat.png;100000000;onlycategory
https://octodex.github.com/images/dinotocat.png;20000000;flight;trains
https://octodex.github.com/images/dojocat.jpg;20000000;flight
https://octodex.github.com/images/orderedlistocat.png;20000000;flight
https://octodex.github.com/images/gracehoppertocat.jpg;10000000;show;britain;benny hill;sketches;tv
https://octodex.github.com/images/jetpacktocat.png;10000000;games;minecraft;blocks;sandbox
https://octodex.github.com/images/steroidtocat.png;100000000;onlycategory
https://octodex.github.com/images/dinotocat.png;20000000;flight;trains
https://octodex.github.com/images/dojocat.jpg;20000000;flight
https://octodex.github.com/images/orderedlistocat.png;20000000;flight
https://octodex.github.com/images/gracehoppertocat.jpg;10000000;show;britain;benny hill;sketches;tv
https://octodex.github.com/images/jetpacktocat.png;10000000;games;minecraft;blocks;sandbox
https://octodex.github.com/images/steroidtocat.png;100000000;onlycategory
https://octodex.github.com/images/dinotocat.png;20000000;flight;trains
https://octodex.github.com/images/dojocat.jpg;20000000;flight
https://octodex.github.com/images/orderedlistocat.png;20000000;flight
https://octodex.github.com/images/gracehoppertocat.jpg;10000000;show;britain;benny hill;sketches;tv
https://octodex.github.com/images/jetpacktocat.png;10000000;games;minecraft;blocks;sandbox
https://octodex.github.com/images/steroidtocat.png;100000000;onlycategory
https://octodex.github.com/images/dinotocat.png;20000000;flight;trains
https://octodex.github.com/images/dojocat.jpg;20000000;flight
https://octodex.github.com/images/orderedlistocat.png;20000000;flight
https://octodex.github.com/images/gracehoppertocat.jpg;10000000;show;britain;benny hill;sketches;tv
https://octodex.github.com/images/jetpacktocat.png;10000000;games;minecraft;blocks;sandbox
https://octodex.github.com/images/steroidtocat.png;100000000;onlycategory
https://octodex.github.com/images/dinotocat.png;20000000;flight;trains
https://octodex.github.com/images/dojocat.jpg;20000000;flight
https://octodex.github.com/images/orderedlistocat.png;20000000;flight
https://octodex.github.com/images/gracehoppertocat.jpg;10000000;show;britain;benny hill;sketches;tv
https://octodex.github.com/images/jetpacktocat.png;10000000;games;minecraft;blocks;sandbox
https://octodex.github.com/images/steroidtocat.png;100000000;onlycategory
https://octodex.github.com/images/dinotocat.png;20000000;flight;trains
https://octodex.github.com/images/dojocat.jpg;20000000;flight
https://octodex.github.com/images/orderedlistocat.png;20000000;flight
https://octodex.github.com/images/gracehoppertocat.jpg;10000000;show;britain;benny hill;sketches;tv
https://octodex.github.com/images/jetpacktocat.png;10000000;games;minecraft;blocks;sandbox
https://octodex.github.com/images/steroidtocat.png;100000000;onlycategory
https://octodex.github.com/images/dinotocat.png;20000000;flight;trains
https://octodex.github.com/images/dojocat.jpg;20000000;flight
https://octodex.github.com/images/orderedlistocat.png;20000000;flight
https://octodex.github.com/images/gracehoppertocat.jpg;10000000;show;britain;benny hill;sketches;tv
https://octodex.github.com/images/jetpacktocat.png;10000000;games;minecraft;blocks;sandbox
https://octodex.github.com/images/steroidtocat.png;100000000;onlycategory
https://octodex.github.com/images/dinotocat.png;20000000;flight;trains
https://octodex.github.com/images/dojocat.jpg;20000000;flight
https://octodex.github.com/images/orderedlistocat.png;20000000;flight
https://octodex.github.com/images/gracehoppertocat.jpg;10000000;show;britain;benny hill;sketches;tv
https://octodex.github.com/images/jetpacktocat.png;10000000;games;minecraft;blocks;sandbox
https://octodex.github.com/images/steroidtocat.png;100000000;onlycategory
https://octodex.github.com/images/dinotocat.png;20000000;flight;trains
https://octodex.github.com/images/dojocat.jpg;20000000;flight
https://octodex.github.com/images/orderedlistocat.png;20000000;flight
https://octodex.github.com/images/gracehoppertocat.jpg;10000000;show;britain;benny hill;sketches;tv
https://octodex.github.com/images/jetpacktocat.png;10000000;games;minecraft;blocks;sandbox
https://octodex.github.com/images/steroidtocat.png;100000000;onlycategory
https://octodex.github.com/images/dinotocat.png;20000000;flight;trains
https://octodex.github.com/images/dojocat.jpg;20000000;flight
https://octodex.github.com/images/orderedlistocat.png;20000000;flight
https://octodex.github.com/images/gracehoppertocat.jpg;10000000;show;britain;benny hill;sketches;tv
https://octodex.github.com/images/jetpacktocat.png;10000000;games;minecraft;blocks;sandbox
https://octodex.github.com/images/steroidtocat.png;100000000;onlycategory
https://octodex.github.com/images/dinotocat.png;20000000;flight;trains
https://octodex.github.com/images/dojocat.jpg;20000000;flight
https://octodex.github.com/images/orderedlistocat.png;20000000;flight
https://octodex.github.com/images/gracehoppertocat.jpg;10000000;show;britain;benny hill;sketches;tv
https://octodex.github.com/images/jetpacktocat.png;10000000;games;minecraft;blocks;sandbox
https://octodex.github.com/images/steroidtocat.png;100000000;onlycategory
https://octodex.github.com/images/dinotocat.png;20000000;flight;trains
https://octodex.github.com/images/dojocat.jpg;20000000;flight
https://octodex.github.com/images/orderedlistocat.png;20000000;flight
https://octodex.github.com/images/gracehoppertocat.jpg;10000000;show;britain;benny hill;sketches;tv
https://octodex.github.com/images/jetpacktocat.png;10000000;games;minecraft;blocks;sandbox
https://octodex.github.com/images/steroidtocat.png;100000000;onlycategory
https://octodex.github.com/images/dinotocat.png;20000000;flight;trains
https://octodex.github.com/images/dojocat.jpg;20000000;flight
https://octodex.github.com/images/orderedlistocat.png;20000000;flight
https://octodex.github.com/images/gracehoppertocat.jpg;10000000;show;britain;benny hill;sketches;tv
https://octodex.github.com/images/jetpacktocat.png;10000000;games;minecraft;blocks;sandbox
https://octodex.github.com/images/steroidtocat.png;100000000;onlycategory
https://octodex.github.com/images/dinotocat.png;20000000;flight;trains
https://octodex.github.com/images/dojocat.jpg;20000000;flight
https://octodex.github.com/images/orderedlistocat.png;20000000;flight
https://octodex.github.com/images/gracehoppertocat.jpg;10000000;show;britain;benny hill;sketches;tv
https://octodex.github.com/images/jetpacktocat.png;10000000;games;minecraft;blocks;sandbox
https://octodex.github.com/images/steroidtocat.png;100000000;onlycategory
https://octodex.github.com/images/dinotocat.png;20000000;flight;trains
https://octodex.github.com/images/dojocat.jpg;20000000;flight
https://octodex.github.com/images/orderedlistocat.png;20000000;flight
https://octodex.github.com/images/gracehoppertocat.jpg;10000000;show;britain;benny hill;sketches;tv
https://octodex.github.com/images/jetpacktocat.png;10000000;games;minecraft;blocks;sandbox
https://octodex.github.com/images/steroidtocat.png;100000000;onlycategory
https://octodex.github.com/images/dinotocat.png;20000000;flight;trains
https://octodex.github.com/images/dojocat.jpg;20000000;flight
https://octodex.github.com/images/orderedlistocat.png;20000000;flight
https://octodex.github.com/images/gracehoppertocat.jpg;10000000;show;britain;benny hill;sketches;tv
https://octodex.github.com/images/jetpacktocat.png;10000000;games;minecraft;blocks;sandbox
https://octodex.github.com/images/steroidtocat.png;100000000;onlycategory
https://octodex.github.com/images/dinotocat.png;20000000;flight;trains
https://octodex.github.com/images/dojocat.jpg;20000000;flight
https://octodex.github.com/images/orderedlistocat.png;20000000;flight
https://octodex.github.com/images/gracehoppertocat.jpg;10000000;show;britain;benny hill;sketches;tv
https://octodex.github.com/images/jetpacktocat.png;10000000;games;minecraft;blocks;sandbox
https://octodex.github.com/images/steroidtocat.png;100000000;onlycategory
https://octodex.github.com/images/dinotocat.png;20000000;flight;trains
https://octodex.github.com/images/dojocat.jpg;20000000;flight
https://octodex.github.com/images/orderedlistocat.png;20000000;flight
https://octodex.github.com/images/gracehoppertocat.jpg;10000000;show;britain;benny hill;sketches;tv
https://octodex.github.com/images/jetpacktocat.png;10000000;games;minecraft;blocks;sandbox
https://octodex.github.com/images/steroidtocat.png;100000000;onlycategory
https://octodex.github.com/images/dinotocat.png;20000000;flight;trains
https://octodex.github.com/images/dojocat.jpg;20000000;flight
https://octodex.github.com/images/orderedlistocat.png;20000000;flight
https://octodex.github.com/images/gracehoppertocat.jpg;10000000;show;britain;benny hill;sketches;tv
https://octodex.github.com/images/jetpacktocat.png;10000000;games;minecraft;blocks;sandbox
https://octodex.github.com/images/steroidtocat.png;100000000;onlycategory
https://octodex.github.com/images/dinotocat.png;20000000;flight;trains
https://octodex.github.com/images/dojocat.jpg;20000000;flight
https://octodex.github.com/images/orderedlistocat.png;20000000;flight
https://octodex.github.com/images/gracehoppertocat.jpg;10000000;show;britain;benny hill;sketches;tv
https://octodex.github.com/images/jetpacktocat.png;10000000;games;minecraft;blocks;sandbox
https://octodex.github.com/images/steroidtocat.png;100000000;onlycategory
https://octodex.github.com/images/dinotocat.png;20000000;flight;trains
https://octodex.github.com/images/dojocat.jpg;20000000;flight
https://octodex.github.com/images/orderedlistocat.png;20000000;flight
https://octodex.github.com/images/gracehoppertocat.jpg;10000000;show;britain;benny hill;sketches;tv
https://octodex.github.com/images/jetpacktocat.png;10000000;games;minecraft;blocks;sandbox
https://octodex.github.com/images/steroidtocat.png;100000000;onlycategory
https://octodex.github.com/images/dinotocat.png;20000000;flight;trains
https://octodex.github.com/images/dojocat.jpg;20000000;flight
https://octodex.github.com/images/orderedlistocat.png;20000000;flight
https://octodex.github.com/images/gracehoppertocat.jpg;10000000;show;britain;benny hill;sketches;tv
https://octodex.github.com/images/jetpacktocat.png;10000000;games;minecraft;blocks;sandbox
https://octodex.github.com/images/steroidtocat.png;100000000;onlycategory
https://octodex.github.com/images/dinotocat.png;20000000;flight;trains
https://octodex.github.com/images/dojocat.jpg;20000000;flight
https://octodex.github.com/images/orderedlistocat.png;20000000;flight
https://octodex.github.com/images/gracehoppertocat.jpg;10000000;show;britain;benny hill;sketches;tv
https://octodex.github.com/images/jetpacktocat.png;10000000;games;minecraft;blocks;sandbox
https://octodex.github.com/images/steroidtocat.png;100000000;onlycategory
https://octodex.github.com/images/dinotocat.png;20000000;flight;trains
https://octodex.github.com/images/dojocat.jpg;20000000;flight
https://octodex.github.com/images/orderedlistocat.png;20000000;flight
https://octodex.github.com/images/gracehoppertocat.jpg;10000000;show;britain;benny hill;sketches;tv
https://octodex.github.com/images/jetpacktocat.png;10000000;games;minecraft;blocks;sandbox
https://octodex.github.com/images/steroidtocat.png;100000000;onlycategory
https://octodex.github.com/images/dinotocat.png;20000000;flight;trains
https://octodex.github.com/images/dojocat.jpg;20000000;flight
https://octodex.github.com/images/orderedlistocat.png;20000000;flight
https://octodex.github.com/images/gracehoppertocat.jpg;10000000;show;britain;benny hill;sketches;tv
https://octodex.github.com/images/jetpacktocat.png;10000000;games;minecraft;blocks;sandbox
https://octodex.github.com/images/steroidtocat.png;100000000;onlycategory
https://octodex.github.com/images/dinotocat.png;20000000;flight;trains
https://octodex.github.com/images/dojocat.jpg;20000000;flight
https://octodex.github.com/images/orderedlistocat.png;20000000;flight
https://octodex.github.com/images/gracehoppertocat.jpg;10000000;show;britain;benny hill;sketches;tv
https://octodex.github.com/images/jetpacktocat.png;10000000;games;minecraft;blocks;sandbox
https://octodex.github.com/images/steroidtocat.png;100000000;onlycategory
https://octodex.github.com/images/dinotocat.png;20000000;flight;trains
https://octodex.github.com/images/dojocat.jpg;20000000;flight
https://octodex.github.com/images/orderedlistocat.png;20000000;flight
https://octodex.github.com/images/gracehoppertocat.jpg;10000000;show;britain;benny hill;sketches;tv
https://octodex.github.com/images/jetpacktocat.png;10000000;games;minecraft;blocks;sandbox
https://octodex.github.com/images/steroidtocat.png;100000000;onlycategory
https://octodex.github.com/images/dinotocat.png;20000000;flight;trains
https://octodex.github.com/images/dojocat.jpg;20000000;flight
https://octodex.github.com/images/orderedlistocat.png;20000000;flight
https://octodex.github.com/images/gracehoppertocat.jpg;10000000;show;britain;benny hill;sketches;tv
https://octodex.github.com/images/jetpacktocat.png;10000000;games;minecraft;blocks;sandbox
https://octodex.github.com/images/steroidtocat.png;100000000;onlycategory
https://octodex.github.com/images/dinotocat.png;20000000;flight;trains
https://octodex.github.com/images/dojocat.jpg;20000000;flight
https://octodex.github.com/images/orderedlistocat.png;20000000;flight
https://octodex.github.com/images/gracehoppertocat.jpg;10000000;show;britain;benny hill;sketches;tv
https://octodex.github.com/images/jetpacktocat.png;10000000;games;minecraft;blocks;sandbox
https://octodex.github.com/images/steroidtocat.png;100000000;onlycategory
https://octodex.github.com/images/dinotocat.png;20000000;flight;trains
https://octodex.github.com/images/dojocat.jpg;20000000;flight
https://octodex.github.com/images/orderedlistocat.png;20000000;flight
https://octodex.github.com/images/gracehoppertocat.jpg;10000000;show;britain;benny hill;sketches;tv
https://octodex.github.com/images/jetpacktocat.png;10000000;games;minecraft;blocks;sandbox
https://octodex.github.com/images/steroidtocat.png;100000000;onlycategory
https://octodex.github.com/images/dinotocat.png;20000000;flight;trains
https://octodex.github.com/images/dojocat.jpg;20000000;flight
https://octodex.github.com/images/orderedlistocat.png;20000000;flight
https://octodex.github.com/images/gracehoppertocat.jpg;10000000;show;britain;benny hill;sketches;tv
https://octodex.github.com/images/jetpacktocat.png;10000000;games;minecraft;blocks;sandbox
https://octodex.github.com/images/steroidtocat.png;100000000;onlycategory
https://octodex.github.com/images/dinotocat.png;20000000;flight;trains
https://octodex.github.com/images/dojocat.jpg;20000000;flight
https://octodex.github.com/images/orderedlistocat.png;20000000;flight
https://octodex.github.com/images/gracehoppertocat.jpg;10000000;show;britain;benny hill;sketches;tv
https://octodex.github.com/images/jetpacktocat.png;10000000;games;minecraft;blocks;sandbox
https://octodex.github.com/images/steroidtocat.png;100000000;onlycategory
https://octodex.github.com/images/dinotocat.png;20000000;flight;trains
https://octodex.github.com/images/dojocat.jpg;20000000;flight
https://octodex.github.com/images/orderedlistocat.png;20000000;flight
https://octodex.github.com/images/gracehoppertocat.jpg;10000000;show;britain;benny hill;sketches;tv
https://octodex.github.com/images/jetpacktocat.png;10000000;games;minecraft;blocks;sandbox
https://octodex.github.com/images/steroidtocat.png;100000000;onlycategory
https://octodex.github.com/images/dinotocat.png;20000000;flight;trains
https://octodex.github.com/images/dojocat.jpg;20000000;flight
https://octodex.github.com/images/orderedlistocat.png;20000000;flight
https://octodex.github.com/images/gracehoppertocat.jpg;10000000;show;britain;benny hill;sketches;tv
https://octodex.github.com/images/jetpacktocat.png;10000000;games;minecraft;blocks;sandbox
https://octodex.github.com/images/steroidtocat.png;100000000;onlycategory
https://octodex.github.com/images/dinotocat.png;20000000;flight;trains
https://octodex.github.com/images/dojocat.jpg;20000000;flight
https://octodex.github.com/images/orderedlistocat.png;20000000;flight
https://octodex.github.com/images/gracehoppertocat.jpg;10000000;show;britain;benny hill;sketches;tv
https://octodex.github.com/images/jetpacktocat.png;10000000;games;minecraft;blocks;sandbox
https://octodex.github.com/images/steroidtocat.png;100000000;onlycategory
https://octodex.github.com/images/dinotocat.png;20000000;flight;trains
https://octodex.github.com/images/dojocat.jpg;20000000;flight
https://octodex.github.com/images/orderedlistocat.png;20000000;flight
https://octodex.github.com/images/gracehoppertocat.jpg;10000000;show;britain;benny hill;sketches;tv
https://octodex.github.com/images/jetpacktocat.png;10000000;games;minecraft;blocks;sandbox
https://octodex.github.com/images/steroidtocat.png;100000000;onlycategory
https://octodex.github.com/images/dinotocat.png;20000000;flight;trains
https://octodex.github.com/images/dojocat.jpg;20000000;flight
https://octodex.github.com/images/orderedlistocat.png;20000000;flight
https://octodex.github.com/images/gracehoppertocat.jpg;10000000;show;britain;benny hill;sketches;tv
https://octodex.github.com/images/jetpacktocat.png;10000000;games;minecraft;blocks;sandbox
https://octodex.github.com/images/steroidtocat.png;100000000;onlycategory
https://octodex.github.com/images/dinotocat.png;20000000;flight;trains
https://octodex.github.com/images/dojocat.jpg;20000000;flight
https://octodex.github.com/images/orderedlistocat.png;20000000;flight
https://octodex.github.com/images/gracehoppertocat.jpg;10000000;show;britain;benny hill;sketches;tv
https://octodex.github.com/images/jetpacktocat.png;10000000;games;minecraft;blocks;sandbox
https://octodex.github.com/images/steroidtocat.png;100000000;onlycategory
https://octodex.github.com/images/dinotocat.png;20000000;flight;trains
https://octodex.github.com/images/dojocat.jpg;20000000;flight
https://octodex.github.com/images/orderedlistocat.png;20000000;flight
https://octodex.github.com/images/gracehoppertocat.jpg;10000000;show;britain;benny hill;sketches;tv
https://octodex.github.com/images/jetpacktocat.png;10000000;games;minecraft;blocks;sandbox
https://octodex.github.com/images/steroidtocat.png;100000000;onlycategory
https://octodex.github.com/images/dinotocat.png;20000000;flight;trains
https://octodex.github.com/images/dojocat.jpg;20000000;flight
https://octodex.github.com/images/orderedlistocat.png;20000000;flight
https://octodex.github.com/images/gracehoppertocat.jpg;10000000;show;britain;benny hill;sketches;tv
https://octodex.github.com/images/jetpacktocat.png;10000000;games;minecraft;blocks;sandbox
https://octodex.github.com/images/steroidtocat.png;100000000;onlycategory
https://octodex.github.com/images/dinotocat.png;20000000;flight;trains
https://octodex.github.com/images/dojocat.jpg;20000000;flight
https://octodex.github.com/images/orderedlistocat.png;20000000;flight
https://octodex.github.com/images/gracehoppertocat.jpg;10000000;show;britain;benny hill;sketches;tv
https://octodex.github.com/images/jetpacktocat.png;10000000;games;minecraft;blocks;sandbox
https://octodex.github.com/images/steroidtocat.png;100000000;onlycategory
https://octodex.github.com/images/dinotocat.png;20000000;flight;trains
https://octodex.github.com/images/dojocat.jpg;20000000;flight
https://octodex.github.com/images/orderedlistocat.png;20000000;flight
https://octodex.github.com/images/gracehoppertocat.jpg;10000000;show;britain;benny hill;sketches;tv
https://octodex.github.com/images/jetpacktocat.png;10000000;games;minecraft;blocks;sandbox
https://octodex.github.com/images/steroidtocat.png;100000000;onlycategory
https://octodex.github.com/images/dinotocat.png;20000000;flight;trains
https://octodex.github.com/images/dojocat.jpg;20000000;flight
https://octodex.github.com/images/orderedlistocat.png;20000000;flight
https://octodex.github.com/images/gracehoppertocat.jpg;10000000;show;britain;benny hill;sketches;tv
https://octodex.github.com/images/jetpacktocat.png;10000000;games;minecraft;blocks;sandbox
https://octodex.github.com/images/steroidtocat.png;100000000;onlycategory
https://octodex.github.com/images/dinotocat.png;20000000;flight;trains
https://octodex.github.com/images/dojocat.jpg;20000000;flight
https://octodex.github.com/images/orderedlistocat.png;20000000;flight
https://octodex.github.com/images/gracehoppertocat.jpg;10000000;show;britain;benny hill;sketches;tv
https://octodex.github.com/images/jetpacktocat.png;10000000;games;minecraft;blocks;sandbox
https://octodex.github.com/images/steroidtocat.png;100000000;onlycategory
https://octodex.github.com/images/dinotocat.png;20000000;flight;trains
https://octodex.github.com/images/dojocat.jpg;20000000;flight
https://octodex.github.com/images/orderedlistocat.png;20000000;flight
https://octodex.github.com/images/gracehoppertocat.jpg;10000000;show;britain;benny hill;sketches;tv
https://octodex.github.com/images/jetpacktocat.png;10000000;games;minecraft;blocks;sandbox
https://octodex.github.com/images/steroidtocat.png;100000000;onlycategory
https://octodex.github.com/images/dinotocat.png;20000000;flight;trains
https://octodex.github.com/images/dojocat.jpg;20000000;flight
https://octodex.github.com/images/orderedlistocat.png;20000000;flight
https://octodex.github.com/images/gracehoppertocat.jpg;10000000;show;britain;benny hill;sketches;tv
https://octodex.github.com/images/jetpacktocat.png;10000000;games;minecraft;blocks;sandbox
https://octodex.github.com/images/steroidtocat.png;100000000;onlycategory
https://octodex.github.com/images/dinotocat.png;20000000;flight;trains
https://octodex.github.com/images/dojocat.jpg;20000000;flight
https://octodex.github.com/images/orderedlistocat.png;20000000;flight
https://octodex.github.com/images/gracehoppertocat.jpg;10000000;show;britain;benny hill;sketches;tv
https://octodex.github.com/images/jetpacktocat.png;10000000;games;minecraft;blocks;sandbox
https://octodex.github.com/images/steroidtocat.png;100000000;onlycategory
https://octodex.github.com/images/dinotocat.png;20000000;flight;trains
https://octodex.github.com/images/dojocat.jpg;20000000;flight
https://octodex.github.com/images/orderedlistocat.png;20000000;flight
https://octodex.github.com/images/gracehoppertocat.jpg;10000000;show;britain;benny hill;sketches;tv
https://octodex.github.com/images/jetpacktocat.png;10000000;games;minecraft;blocks;sandbox
https://octodex.github.com/images/steroidtocat.png;100000000;onlycategory
https://octodex.github.com/images/dinotocat.png;20000000;flight;trains
https://octodex.github.com/images/dojocat.jpg;20000000;flight
https://octodex.github.com/images/orderedlistocat.png;20000000;flight
https://octodex.github.com/images/gracehoppertocat.jpg;10000000;show;britain;benny hill;sketches;tv
https://octodex.github.com/images/jetpacktocat.png;10000000;games;minecraft;blocks;sandbox
https://octodex.github.com/images/steroidtocat.png;100000000;onlycategory
https://octodex.github.com/images/dinotocat.png;20000000;flight;trains
https://octodex.github.com/images/dojocat.jpg;20000000;flight
https://octodex.github.com/images/orderedlistocat.png;20000000;flight
https://octodex.github.com/images/gracehoppertocat.jpg;10000000;show;britain;benny hill;sketches;tv
https://octodex.github.com/images/jetpacktocat.png;10000000;games;minecraft;blocks;sandbox
https://octodex.github.com/images/steroidtocat.png;100000000;onlycategory
https://octodex.github.com/images/dinotocat.png;20000000;flight;trains
https://octodex.github.com/images/dojocat.jpg;20000000;flight
https://octodex.github.com/images/orderedlistocat.png;20000000;flight
https://octodex.github.com/images/gracehoppertocat.jpg;10000000;show;britain;benny hill;sketches;tv
https://octodex.github.com/images/jetpacktocat.png;10000000;games;minecraft;blocks;sandbox
https://octodex.github.com/images/steroidtocat.png;100000000;onlycategory
https://octodex.github.com/images/dinotocat.png;20000000;flight;trains
https://octodex.github.com/images/dojocat.jpg;20000000;flight
https://octodex.github.com/images/orderedlistocat.png;20000000;flight
https://octodex.github.com/images/gracehoppertocat.jpg;10000000;show;britain;benny hill;sketches;tv
https://octodex.github.com/images/jetpacktocat.png;10000000;games;minecraft;blocks;sandbox
https://octodex.github.com/images/steroidtocat.png;100000000;onlycategory
https://octodex.github.com/images/dinotocat.png;20000000;flight;trains
https://octodex.github.com/images/dojocat.jpg;20000000;flight
https://octodex.github.com/images/orderedlistocat.png;20000000;flight
https://octodex.github.com/images/gracehoppertocat.jpg;10000000;show;britain;benny hill;sketches;tv
https://octodex.github.com/images/jetpacktocat.png;10000000;games;minecraft;blocks;sandbox
https://octodex.github.com/images/steroidtocat.png;100000000;onlycategory
https://octodex.github.com/images/dinotocat.png;20000000;flight;trains
https://octodex.github.com/images/dojocat.jpg;20000000;flight
https://octodex.github.com/images/orderedlistocat.png;20000000;flight
https://octodex.github.com/images/gracehoppertocat.jpg;10000000;show;britain;benny hill;sketches;tv
https://octodex.github.com/images/jetpacktocat.png;10000000;games;minecraft;blocks;sandbox
https://octodex.github.com/images/steroidtocat.png;100000000;onlycategory
https://octodex.github.com/images/dinotocat.png;20000000;flight;trains
https://octodex.github.com/images/dojocat.jpg;20000000;flight
https://octodex.github.com/images/orderedlistocat.png;20000000;flight
https://octodex.github.com/images/gracehoppertocat.jpg;10000000;show;britain;benny hill;sketches;tv
https://octodex.github.com/images/jetpacktocat.png;10000000;games;minecraft;blocks;sandbox
https://octodex.github.com/images/steroidtocat.png;100000000;onlycategory
https://octodex.github.com/images/dinotocat.png;20000000;flight;trains
https://octodex.github.com/images/dojocat.jpg;20000000;flight
https://octodex.github.com/images/orderedlistocat.png;20000000;flight
https://octodex.github.com/images/gracehoppertocat.jpg;10000000;show;britain;benny hill;sketches;tv
https://octodex.github.com/images/jetpacktocat.png;10000000;games;minecraft;blocks;sandbox
https://octodex.github.com/images/steroidtocat.png;100000000;onlycategory
https://octodex.github.com/images/dinotocat.png;20000000;flight;trains
https://octodex.github.com/images/dojocat.jpg;20000000;flight
https://octodex.github.com/images/orderedlistocat.png;20000000;flight
https://octodex.github.com/images/gracehoppertocat.jpg;10000000;show;britain;benny hill;sketches;tv
https://octodex.github.com/images/jetpacktocat.png;10000000;games;minecraft;blocks;sandbox
https://octodex.github.com/images/steroidtocat.png;100000000;onlycategory
https://octodex.github.com/images/dinotocat.png;20000000;flight;trains
https://octodex.github.com/images/dojocat.jpg;20000000;flight
https://octodex.github.com/images/orderedlistocat.png;20000000;flight
https://octodex.github.com/images/gracehoppertocat.jpg;10000000;show;britain;benny hill;sketches;tv
https://octodex.github.com/images/jetpacktocat.png;10000000;games;minecraft;blocks;sandbox
https://octodex.github.com/images/steroidtocat.png;100000000;onlycategory
https://octodex.github.com/images/dinotocat.png;20000000;flight;trains
https://octodex.github.com/images/dojocat.jpg;20000000;flight
https://octodex.github.com/images/orderedlistocat.png;20000000;flight
https://octodex.github.com/images/gracehoppertocat.jpg;10000000;show;britain;benny hill;sketches;tv
https://octodex.github.com/images/jetpacktocat.png;10000000;games;minecraft;blocks;sandbox
https://octodex.github.com/images/steroidtocat.png;100000000;onlycategory
https://octodex.github.com/images/dinotocat.png;20000000;flight;trains
https://octodex.github.com/images/dojocat.jpg;20000000;flight
https://octodex.github.com/images/orderedlistocat.png;20000000;flight
https://octodex.github.com/images/gracehoppertocat.jpg;10000000;show;britain;benny hill;sketches;tv
https://octodex.github.com/images/jetpacktocat.png;10000000;games;minecraft;blocks;sandbox
https://octodex.github.com/images/steroidtocat.png;100000000;onlycategory
https://octodex.github.com/images/dinotocat.png;20000000;flight;trains
https://octodex.github.com/images/dojocat.jpg;20000000;flight
https://octodex.github.com/images/orderedlistocat.png;20000000;flight
https://octodex.github.com/images/gracehoppertocat.jpg;10000000;show;britain;benny hill;sketches;tv
https://octodex.github.com/images/jetpacktocat.png;10000000;games;minecraft;blocks;sandbox
https://octodex.github.com/images/steroidtocat.png;100000000;onlycategory
https://octodex.github.com/images/dinotocat.png;20000000;flight;trains
https://octodex.github.com/images/dojocat.jpg;20000000;flight
https://octodex.github.com/images/orderedlistocat.png;20000000;flight
https://octodex.github.com/images/gracehoppertocat.jpg;10000000;show;britain;benny hill;sketches;tv
https://octodex.github.com/images/jetpacktocat.png;10000000;games;minecraft;blocks;sandbox
https://octodex.github.com/images/steroidtocat.png;100000000;onlycategory
https://octodex.github.com/images/dinotocat.png;20000000;flight;trains
https://octodex.github.com/images/dojocat.jpg;20000000;flight
https://octodex.github.com/images/orderedlistocat.png;20000000;flight
https://octodex.github.com/images/gracehoppertocat.jpg;10000000;show;britain;benny hill;sketches;tv
https://octodex.github.com/images/jetpacktocat.png;10000000;games;minecraft;blocks;sandbox
https://octodex.github.com/images/steroidtocat.png;100000000;onlycategory
https://octodex.github.com/images/dinotocat.png;20000000;flight;trains
https://octodex.github.com/images/dojocat.jpg;20000000;flight
https://octodex.github.com/images/orderedlistocat.png;20000000;flight
https://octodex.github.com/images/gracehoppertocat.jpg;10000000;show;britain;benny hill;sketches;tv
https://octodex.github.com/images/jetpacktocat.png;10000000;games;minecraft;blocks;sandbox
https://octodex.github.com/images/steroidtocat.png;100000000;onlycategory
https://octodex.github.com/images/dinotocat.png;20000000;flight;trains
https://octodex.github.com/images/dojocat.jpg;20000000;flight
https://octodex.github.com/images/orderedlistocat.png;20000000;flight
https://octodex.github.com/images/gracehoppertocat.jpg;10000000;show;britain;benny hill;sketches;tv
https://octodex.github.com/images/jetpacktocat.png;10000000;games;minecraft;blocks;sandbox
https://octodex.github.com/images/steroidtocat.png;100000000;onlycategory
https://octodex.github.com/images/dinotocat.png;20000000;flight;trains
https://octodex.github.com/images/dojocat.jpg;20000000;flight
https://octodex.github.com/images/orderedlistocat.png;20000000;flight
https://octodex.github.com/images/gracehoppertocat.jpg;10000000;show;britain;benny hill;sketches;tv
https://octodex.github.com/images/jetpacktocat.png;10000000;games;minecraft;blocks;sandbox
https://octodex.github.com/images/steroidtocat.png;100000000;onlycategory
https://octodex.github.com/images/dinotocat.png;20000000;flight;trains
https://octodex.github.com/images/dojocat.jpg;20000000;flight
https://octodex.github.com/images/orderedlistocat.png;20000000;flight
https://octodex.github.com/images/gracehoppertocat.jpg;10000000;show;britain;benny hill;sketches;tv
https://octodex.github.com/images/jetpacktocat.png;10000000;games;minecraft;blocks;sandbox
https://octodex.github.com/images/steroidtocat.png;100000000;onlycategory
https://octodex.github.com/images/dinotocat.png;20000000;flight;trains
https://octodex.github.com/images/dojocat.jpg;20000000;flight
https://octodex.github.com/images/orderedlistocat.png;20000000;flight
https://octodex.github.com/images/gracehoppertocat.jpg;10000000;show;britain;benny hill;sketches;tv
https://octodex.github.com/images/jetpacktocat.png;10000000;games;minecraft;blocks;sandbox
https://octodex.github.com/images/steroidtocat.png;100000000;onlycategory
https://octodex.github.com/images/dinotocat.png;20000000;flight;trains
https://octodex.github.com/images/dojocat.jpg;20000000;flight
https://octodex.github.com/images/orderedlistocat.png;20000000;flight
https://octodex.github.com/images/gracehoppertocat.jpg;10000000;show;britain;benny hill;sketches;tv
https://octodex.github.com/images/jetpacktocat.png;10000000;games;minecraft;blocks;sandbox
https://octodex.github.com/images/steroidtocat.png;100000000;onlycategory
https://octodex.github.com/images/dinotocat.png;20000000;flight;trains
https://octodex.github.com/images/dojocat.jpg;20000000;flight
https://octodex.github.com/images/orderedlistocat.png;20000000;flight
https://octodex.github.com/images/gracehoppertocat.jpg;10000000;show;britain;benny hill;sketches;tv
https://octodex.github.com/images/jetpacktocat.png;10000000;games;minecraft;blocks;sandbox
https://octodex.github.com/images/steroidtocat.png;100000000;onlycategory
https://octodex.github.com/images/dinotocat.png;20000000;flight;trains
https://octodex.github.com/images/dojocat.jpg;20000000;flight
https://octodex.github.com/images/orderedlistocat.png;20000000;flight
https://octodex.github.com/images/gracehoppertocat.jpg;10000000;show;britain;benny hill;sketches;tv
https://octodex.github.com/images/jetpacktocat.png;10000000;games;minecraft;blocks;sandbox
https://octodex.github.com/images/steroidtocat.png;100000000;onlycategory
https://octodex.github.com/images/dinotocat.png;20000000;flight;trains
https://octodex.github.com/images/dojocat.jpg;20000000;flight
https://octodex.github.com/images/orderedlistocat.png;20000000;flight
https://octodex.github.com/images/gracehoppertocat.jpg;10000000;show;britain;benny hill;sketches;tv
https://octodex.github.com/images/jetpacktocat.png;10000000;games;minecraft;blocks;sandbox
https://octodex.github.com/images/steroidtocat.png;100000000;onlycategory
https://octodex.github.com/images/dinotocat.png;20000000;flight;trains
https://octodex.github.com/images/dojocat.jpg;20000000;flight
https://octodex.github.com/images/orderedlistocat.png;20000000;flight
https://octodex.github.com/images/gracehoppertocat.jpg;10000000;show;britain;benny hill;sketches;tv
https://octodex.github.com/images/jetpacktocat.png;10000000;games;minecraft;blocks;sandbox
https://octodex.github.com/images/steroidtocat.png;100000000;onlycategory
https://octodex.github.com/images/dinotocat.png;20000000;flight;trains
https://octodex.github.com/images/dojocat.jpg;20000000;flight
https://octodex.github.com/images/orderedlistocat.png;20000000;flight
https://octodex.github.com/images/gracehoppertocat.jpg;10000000;show;britain;benny hill;sketches;tv
https://octodex.github.com/images/jetpacktocat.png;10000000;games;minecraft;blocks;sandbox
https://octodex.github.com/images/steroidtocat.png;100000000;onlycategory
https://octodex.github.com/images/dinotocat.png;20000000;flight;trains
https://octodex.github.com/images/dojocat.jpg;20000000;flight
https://octodex.github.com/images/orderedlistocat.png;20000000;flight
https://octodex.github.com/images/gracehoppertocat.jpg;10000000;show;britain;benny hill;sketches;tv
https://octodex.github.com/images/jetpacktocat.png;10000000;games;minecraft;blocks;sandbox
https://octodex.github.com/images/steroidtocat.png;100000000;onlycategory
https://octodex.github.com/images/dinotocat.png;20000000;flight;trains
https://octodex.github.com/images/dojocat.jpg;20000000;flight
https://octodex.github.com/images/orderedlistocat.png;20000000;flight
https://octodex.github.com/images/gracehoppertocat.jpg;10000000;show;britain;benny hill;sketches;tv
https://octodex.github.com/images/jetpacktocat.png;10000000;games;minecraft;blocks;sandbox
https://octodex.github.com/images/steroidtocat.png;100000000;onlycategory
https://octodex.github.com/images/dinotocat.png;20000000;flight;trains
https://octodex.github.com/images/dojocat.jpg;20000000;flight
https://octodex.github.com/images/orderedlistocat.png;20000000;flight
https://octodex.github.com/images/gracehoppertocat.jpg;10000000;show;britain;benny hill;sketches;tv
https://octodex.github.com/images/jetpacktocat.png;10000000;games;minecraft;blocks;sandbox
https://octodex.github.com/images/steroidtocat.png;100000000;onlycategory
https://octodex.github.com/images/dinotocat.png;20000000;flight;trains
https://octodex.github.com/images/dojocat.jpg;20000000;flight
https://octodex.github.com/images/orderedlistocat.png;20000000;flight
https://octodex.github.com/images/gracehoppertocat.jpg;10000000;show;britain;benny hill;sketches;tv
https://octodex.github.com/images/jetpacktocat.png;10000000;games;minecraft;blocks;sandbox
https://octodex.github.com/images/steroidtocat.png;100000000;onlycategory
https://octodex.github.com/images/dinotocat.png;20000000;flight;trains
https://octodex.github.com/images/dojocat.jpg;20000000;flight
https://octodex.github.com/images/orderedlistocat.png;20000000;flight
https://octodex.github.com/images/gracehoppertocat.jpg;10000000;show;britain;benny hill;sketches;tv
https://octodex.github.com/images/jetpacktocat.png;10000000;games;minecraft;blocks;sandbox
https://octodex.github.com/images/steroidtocat.png;100000000;onlycategory
https://octodex.github.com/images/dinotocat.png;20000000;flight;trains
https://octodex.github.com/images/dojocat.jpg;20000000;flight
https://octodex.github.com/images/orderedlistocat.png;20000000;flight
https://octodex.github.com/images/gracehoppertocat.jpg;10000000;show;britain;benny hill;sketches;tv
https://octodex.github.com/images/jetpacktocat.png;10000000;games;minecraft;blocks;sandbox
https://octodex.github.com/images/steroidtocat.png;100000000;onlycategory
https://octodex.github.com/images/dinotocat.png;20000000;flight;trains
https://octodex.github.com/images/dojocat.jpg;20000000;flight
https://octodex.github.com/images/orderedlistocat.png;20000000;flight
https://octodex.github.com/images/gracehoppertocat.jpg;10000000;show;britain;benny hill;sketches;tv
https://octodex.github.com/images/jetpacktocat.png;10000000;games;minecraft;blocks;sandbox
https://octodex.github.com/images/steroidtocat.png;100000000;onlycategory
https://octodex.github.com/images/dinotocat.png;20000000;flight;trains
https://octodex.github.com/images/dojocat.jpg;20000000;flight
https://octodex.github.com/images/orderedlistocat.png;20000000;flight
https://octodex.github.com/images/gracehoppertocat.jpg;10000000;show;britain;benny hill;sketches;tv
https://octodex.github.com/images/jetpacktocat.png;10000000;games;minecraft;blocks;sandbox
https://octodex.github.com/images/steroidtocat.png;100000000;onlycategory
https://octodex.github.com/images/dinotocat.png;20000000;flight;trains
https://octodex.github.com/images/dojocat.jpg;20000000;flight
https://octodex.github.com/images/orderedlistocat.png;20000000;flight
https://octodex.github.com/images/gracehoppertocat.jpg;10000000;show;britain;benny hill;sketches;tv
https://octodex.github.com/images/jetpacktocat.png;10000000;games;minecraft;blocks;sandbox
https://octodex.github.com/images/steroidtocat.png;100000000;onlycategory
https://octodex.github.com/images/dinotocat.png;20000000;flight;trains
https://octodex.github.com/images/dojocat.jpg;20000000;flight
https://octodex.github.com/images/orderedlistocat.png;20000000;flight
https://octodex.github.com/images/gracehoppertocat.jpg;10000000;show;britain;benny hill;sketches;tv
https://octodex.github.com/images/jetpacktocat.png;10000000;games;minecraft;blocks;sandbox
https://octodex.github.com/images/steroidtocat.png;100000000;onlycategory
https://octodex.github.com/images/dinotocat.png;20000000;flight;trains
https://octodex.github.com/images/dojocat.jpg;20000000;flight
https://octodex.github.com/images/orderedlistocat.png;20000000;flight
https://octodex.github.com/images/gracehoppertocat.jpg;10000000;show;britain;benny hill;sketches;tv
https://octodex.github.com/images/jetpacktocat.png;10000000;games;minecraft;blocks;sandbox
https://octodex.github.com/images/steroidtocat.png;100000000;onlycategory
https://octodex.github.com/images/dinotocat.png;20000000;flight;trains
https://octodex.github.com/images/dojocat.jpg;20000000;flight
https://octodex.github.com/images/orderedlistocat.png;20000000;flight
https://octodex.github.com/images/gracehoppertocat.jpg;10000000;show;britain;benny hill;sketches;tv
https://octodex.github.com/images/jetpacktocat.png;10000000;games;minecraft;blocks;sandbox
https://octodex.github.com/images/steroidtocat.png;100000000;onlycategory
https://octodex.github.com/images/dinotocat.png;20000000;flight;trains
https://octodex.github.com/images/dojocat.jpg;20000000;flight
https://octodex.github.com/images/orderedlistocat.png;20000000;flight
https://octodex.github.com/images/gracehoppertocat.jpg;10000000;show;britain;benny hill;sketches;tv
https://octodex.github.com/images/jetpacktocat.png;10000000;games;minecraft;blocks;sandbox
https://octodex.github.com/images/steroidtocat.png;100000000;onlycategory